{
  "dependencies": {
    "secrets1": {
      "type": "secrets.user"
    },
    "mssql1": {
      "resourceId": "/subscriptions/[parameters('subscriptionId')]/resourceGroups/[parameters('resourceGroupName')]/providers/Microsoft.Sql/servers/online24x7/databases/Online24X7",
      "type": "mssql.azure",
      "connectionId": "ConnectionStrings:VirtualEntityAzureSQlDbConnection",
      "secretStore": "LocalSecretsFile"
    },
    "mssql2": {
      "resourceId": "/subscriptions/[parameters('subscriptionId')]/resourceGroups/[parameters('resourceGroupName')]/providers/Microsoft.Sql/servers/online24x7/databases/online24x7db",
      "type": "mssql.azure",
      "connectionId": "ConnectionStrings:online24x7db",
      "secretStore": "LocalSecretsFile"
    }
  }
}